Name,Editor(Develop),Editor(Release),Mono(Develop),Mono(Release),IL2CPP(Develop),IL2CPP(Release)
AssemblyPerformanceTest.GetModule_Fast,2.518501,1.041054,1.173504,1.150372,0.9443359,1.115234
AssemblyPerformanceTest.GetModule_Legacy,1.658394,1.641842,1.814995,1.692062,0.9008789,1.062012
AssemblyPerformanceTest.GetModules_Fast,1.413818,0.752758,0.8466721,0.8430367,0.6186523,0.7543945
AssemblyPerformanceTest.GetModules_Legacy,3.206284,2.806084,3.114971,2.787739,1.701172,1.944336
AssemblyPerformanceTest.GetType_Fast,2.53331,1.106564,1.230721,1.225506,0.9794922,1.199707
AssemblyPerformanceTest.GetType_Legacy,5.824799,5.696728,6.092102,6.254059,12.87646,15.98877
AssemblyPerformanceTest.GetTypes_Fast,1.448059,0.7578125,0.8484344,0.8414154,0.6171875,0.7529297
AssemblyPerformanceTest.GetTypes_Legacy,2139.237,2119.355,445.1292,463.7776,129.0776,154.4414
ConstructorInfoPerformanceTest.Invoke_Fast_Class,3.308716,2.234741,2.080688,1.72522,2.099609,1.982422
ConstructorInfoPerformanceTest.Invoke_Fast_Class_ArgDownCast,5.330933,2.1409,2.304306,1.73526,2.46875,2.375
ConstructorInfoPerformanceTest.Invoke_Fast_Class_ArgDownCastToStruct,11.26288,7.256989,7.328629,6.28096,4.267578,4.136719
ConstructorInfoPerformanceTest.Invoke_Fast_Class_ArgUpCast,2.946228,1.786743,1.695496,1.415237,1.728516,1.601563
ConstructorInfoPerformanceTest.Invoke_Fast_Class_ArgUpCastFromStruct,12.08182,6.968536,6.70784,6.228302,5.269531,5.216797
ConstructorInfoPerformanceTest.Invoke_Fast_Class_ResultUpCast,3.236786,2.536102,2.382507,1.716782,6.427734,6.388672
ConstructorInfoPerformanceTest.Invoke_Fast_Struct,3.192841,2.059662,1.914551,1.535507,1.162109,1.164063
ConstructorInfoPerformanceTest.Invoke_Fast_Struct_ArgDownCast,5.249176,2.181396,1.975266,1.87825,1.693359,1.695313
ConstructorInfoPerformanceTest.Invoke_Fast_Struct_ArgDownCastToStruct,12.50644,8.069427,7.550232,7.024307,3.625,3.777344
ConstructorInfoPerformanceTest.Invoke_Fast_Struct_ArgUpCast,2.857758,1.711761,1.536301,1.268295,0.9472656,1.001953
ConstructorInfoPerformanceTest.Invoke_Fast_Struct_ArgUpCastFromStruct,12.82773,7.765411,7.379715,6.246307,4.740234,4.832031
ConstructorInfoPerformanceTest.Invoke_Fast_Struct_ResultUpCast,13.29092,8.588684,8.097778,7.615097,5.648438,5.839844
ConstructorInfoPerformanceTest.Invoke_Legacy_Class,7.543762,6.826019,6.127686,5.612015,3.697266,3.574219
ConstructorInfoPerformanceTest.Invoke_Legacy_Struct,6.831635,5.935272,5.612595,5.317276,3.023438,2.929688
ConstructorInfoPerformanceTest.Invoke_LowAlloc_Class,11.90186,8.022827,7.659012,7.020721,5.806641,6.005859
ConstructorInfoPerformanceTest.Invoke_LowAlloc_Struct,10.06979,7.171722,6.79715,6.42601,5.117188,5.269531
ConstructorInfoPerformanceTest.Invoke_New_Class,1.927643,2.10376,1.929138,1.52681,1.919922,1.787109
ConstructorInfoPerformanceTest.Invoke_New_Struct,0.7764282,0.8187256,0.7492218,0.5962067,0.8398438,0.8105469
EnumPerformanceTest.EnumTo,1.650269,0.135498,0.1364594,0.1329956,0.5097656,0.4101563
EnumPerformanceTest.GetName_Fast,10.71509,1.892761,1.645645,1.835098,3.310547,2.851563
EnumPerformanceTest.GetName_Legacy,52.60852,22.91785,22.2137,23.50148,30.46875,26.87891
EnumPerformanceTest.GetNames_Fast,1.426575,0.1604004,0.1544495,0.1541748,0.2890625,0.265625
EnumPerformanceTest.GetNames_Legacy,17.82635,9.481628,10.51904,9.729675,8.513672,8.269531
EnumPerformanceTest.GetUnderlyingType_Fast,0.9650269,0.135437,0.136795,0.1548157,0.265625,0.2363281
EnumPerformanceTest.GetUnderlyingType_Legacy,10.25867,6.680786,6.594849,7.450623,6.324219,5.806641
EnumPerformanceTest.GetValues_Fast,1.059753,0.1354675,0.1764374,0.1535492,0.3105469,0.25
EnumPerformanceTest.GetValues_Legacy,129.6434,87.78052,102.9598,96.14128,72.44727,77.36133
EnumPerformanceTest.HasFlags_Legacy,0.4960938,0.116394,0.1154785,0.1537628,0.0859375,0.078125
EnumPerformanceTest.HasFlags_LowAlloc,29.61469,14.99295,14.45578,14.4445,15.45313,14.28516
EnumPerformanceTest.IsDefined_Fast,6.606445,1.208069,1.222488,1.362411,2.894531,2.544922
EnumPerformanceTest.IsDefined_Legacy,59.19977,31.88025,30.75447,33.619,38.52539,33.75195
EnumPerformanceTest.Parse_Fast,9.473816,2.73584,2.369034,2.620926,3.208984,2.810547
EnumPerformanceTest.Parse_Legacy,65.0166,26.48383,27.87547,30.0217,21.33008,19.125
EnumPerformanceTest.ToEnum,1.57135,0.1559753,0.1368713,0.1766205,0.4667969,0.4707031
EnumPerformanceTest.ToObject,13.38287,10.4035,10.10085,10.5116,7.826172,6.833984
FieldInfoPerformanceTest.GetClassInstanceValue_Fast,1.111389,0.244751,0.218338,0.2425385,0.3261719,0.2871094
FieldInfoPerformanceTest.GetClassInstanceValue_Fast_DownCast,2.852417,1.3927,1.412247,1.57373,0.9726563,0.9433594
FieldInfoPerformanceTest.GetClassInstanceValue_Fast_DownCastToStruct,2.766907,1.383331,1.420975,1.556564,0.9492188,0.890625
FieldInfoPerformanceTest.GetClassInstanceValue_Fast_UpCast,1.074707,0.2579956,0.2355957,0.3625183,0.3261719,0.2871094
FieldInfoPerformanceTest.GetClassInstanceValue_Fast_UpCastFromStruct,3.211731,1.62146,1.620605,1.732895,1.277344,1.115234
FieldInfoPerformanceTest.GetClassInstanceValue_FieldPointer,0.09667969,0.01348877,0.0166626,0.0181427,0.01757813,0.015625
FieldInfoPerformanceTest.GetClassInstanceValue_FieldPointer_DownCast,2.047363,1.234161,1.252228,1.405975,0.7421875,0.6757813
FieldInfoPerformanceTest.GetClassInstanceValue_FieldPointer_DownCastToStruct,2.002197,1.234955,1.242737,1.397263,0.6933594,0.6484375
FieldInfoPerformanceTest.GetClassInstanceValue_FieldPointer_UpCast,0.09674072,0.01351929,0.01817322,0.01826477,0.02148438,0.01171875
FieldInfoPerformanceTest.GetClassInstanceValue_FieldPointer_UpCastFromStruct,2.436401,1.43866,1.45282,1.551956,1.011719,0.8808594
FieldInfoPerformanceTest.GetClassInstanceValue_Legacy,1.816406,1.412811,1.403564,1.511978,0.921875,0.7910156
FieldInfoPerformanceTest.GetClassInstanceValue_LowAlloc,2.221191,1.490631,1.460098,1.564987,0.9609375,0.8476563
FieldInfoPerformanceTest.GetStaticValue_Fast,1.114014,0.2361145,0.2137909,0.2355499,0.3222656,0.2871094
FieldInfoPerformanceTest.GetStaticValue_Fast_DownCast,2.977112,1.179535,1.216507,1.3302,0.6757813,0.7324219
FieldInfoPerformanceTest.GetStaticValue_Fast_DownCastToStruct,2.757935,1.169281,1.166321,1.315765,0.6777344,0.640625
FieldInfoPerformanceTest.GetStaticValue_Fast_UpCast,1.141663,0.2536011,0.2317505,0.2516479,0.3242188,0.2929688
FieldInfoPerformanceTest.GetStaticValue_Fast_UpCastFromStruct,3.288452,1.39209,1.39505,1.486023,0.9511719,0.8574219
FieldInfoPerformanceTest.GetStaticValue_FieldPointer,0.08905029,0.0133667,0.01437378,0.01635742,0.015625,0.01171875
FieldInfoPerformanceTest.GetStaticValue_FieldPointer_DownCast,1.682007,0.9647827,0.9625092,1.123886,0.4238281,0.4257813
FieldInfoPerformanceTest.GetStaticValue_FieldPointer_DownCastToStruct,1.513306,0.9605103,0.9623718,1.089722,0.375,0.34375
FieldInfoPerformanceTest.GetStaticValue_FieldPointer_UpCast,0.08996582,0.01342773,0.01693726,0.01428223,0.01171875,0.009765625
FieldInfoPerformanceTest.GetStaticValue_FieldPointer_UpCastFromStruct,1.979553,1.205322,1.187332,1.267746,0.6308594,0.5644531
FieldInfoPerformanceTest.GetStaticValue_Legacy,1.727722,1.17511,1.1716,1.239502,0.6152344,0.5097656
FieldInfoPerformanceTest.GetStructInstanceValue_Fast,1.130371,0.2336426,0.2119751,0.2412567,0.3242188,0.2851563
FieldInfoPerformanceTest.GetStructInstanceValue_Fast_DownCast,4.134949,2.054596,2.001556,2.251419,1.5,1.337891
FieldInfoPerformanceTest.GetStructInstanceValue_Fast_DownCastToStruct,4.100464,2.02887,1.986237,2.261292,1.439453,1.287109
FieldInfoPerformanceTest.GetStructInstanceValue_Fast_UpCast,1.030457,0.239502,0.2145691,0.237793,0.3242188,0.2851563
FieldInfoPerformanceTest.GetStructInstanceValue_Fast_UpCastFromStruct,4.512085,2.278717,2.23024,2.453552,1.798828,1.521484
FieldInfoPerformanceTest.GetStructInstanceValue_FieldPointer,0.1039429,0.01400757,0.01651001,0.01934814,0.01757813,0.01367188
FieldInfoPerformanceTest.GetStructInstanceValue_FieldPointer_DownCast,2.984009,1.834808,1.818527,2.026077,1.158203,1.037109
FieldInfoPerformanceTest.GetStructInstanceValue_FieldPointer_DownCastToStruct,2.901917,1.836243,1.822678,2.026535,1.074219,1.005859
FieldInfoPerformanceTest.GetStructInstanceValue_FieldPointer_UpCast,0.09893799,0.01342773,0.01756287,0.01834106,0.015625,0.015625
FieldInfoPerformanceTest.GetStructInstanceValue_FieldPointer_UpCastFromStruct,3.328674,2.081024,2.059799,2.200638,1.431641,1.240234
FieldInfoPerformanceTest.GetStructInstanceValue_Legacy,2.506348,2.074158,2.024078,2.123917,1.296875,1.126953
FieldInfoPerformanceTest.GetStructInstanceValue_LowAlloc,3.246704,2.063202,2.018478,2.190628,1.291016,1.117188
FieldInfoPerformanceTest.SetClassInstanceValue_Fast,1.16217,0.2447815,0.2271118,0.2623749,0.3261719,0.2871094
FieldInfoPerformanceTest.SetClassInstanceValue_Fast_DownCast,4.555176,1.22287,1.029037,1.075134,1.892578,1.662109
FieldInfoPerformanceTest.SetClassInstanceValue_Fast_DownCastToStruct,4.271301,2.256622,2.100082,2.388336,1.648438,1.472656
FieldInfoPerformanceTest.SetClassInstanceValue_Fast_UpCast,1.552917,0.6924133,0.5641327,0.5430603,0.640625,0.5507813
FieldInfoPerformanceTest.SetClassInstanceValue_Fast_UpCastFromStruct,4.33606,1.812622,1.751053,1.987854,1.697266,1.619141
FieldInfoPerformanceTest.SetClassInstanceValue_FieldPointer,0.09979248,0.01724243,0.0201416,0.02165222,0.01953125,0.01757813
FieldInfoPerformanceTest.SetClassInstanceValue_FieldPointer_DownCast,3.392944,0.8604431,0.841156,0.8534546,1.601563,1.392578
FieldInfoPerformanceTest.SetClassInstanceValue_FieldPointer_DownCastToStruct,3.146912,1.900024,1.933304,2.11116,1.261719,1.09375
FieldInfoPerformanceTest.SetClassInstanceValue_FieldPointer_UpCast,0.4873657,0.3759155,0.3833008,0.3247223,0.3242188,0.265625
FieldInfoPerformanceTest.SetClassInstanceValue_FieldPointer_UpCastFromStruct,3.19281,1.535156,1.521851,1.722214,1.355469,1.244141
FieldInfoPerformanceTest.SetClassInstanceValue_Legacy,2.621887,1.839233,1.839081,1.992188,1.203125,1.054688
FieldInfoPerformanceTest.SetClassInstanceValue_LowAlloc,3.285217,1.876465,1.873154,2.112381,1.335938,1.228516
FieldInfoPerformanceTest.SetStaticValue_Fast,1.207703,0.3002625,0.2663269,0.2593842,0.3730469,0.2910156
FieldInfoPerformanceTest.SetStaticValue_Fast_DownCast,4.091858,0.9840698,1.004196,0.9094849,1.498047,1.306641
FieldInfoPerformanceTest.SetStaticValue_Fast_DownCastToStruct,4.560181,1.968384,2.210892,2.134842,1.326172,1.183594
FieldInfoPerformanceTest.SetStaticValue_Fast_UpCast,1.722229,0.576416,0.6272736,0.5453186,0.6347656,0.5449219
FieldInfoPerformanceTest.SetStaticValue_Fast_UpCastFromStruct,4.674988,1.571411,1.721634,1.815933,1.453125,1.306641
FieldInfoPerformanceTest.SetStaticValue_FieldPointer,0.1299438,0.01367188,0.02032471,0.02275085,0.015625,0.01757813
FieldInfoPerformanceTest.SetStaticValue_FieldPointer_DownCast,2.852356,0.7545166,0.7590027,0.6718597,1.160156,1.017578
FieldInfoPerformanceTest.SetStaticValue_FieldPointer_DownCastToStruct,3.311707,1.718323,1.933228,1.827011,0.9609375,0.8378906
FieldInfoPerformanceTest.SetStaticValue_FieldPointer_UpCast,0.489624,0.3729248,0.3867493,0.3134766,0.3144531,0.2714844
FieldInfoPerformanceTest.SetStaticValue_FieldPointer_UpCastFromStruct,3.462646,1.335632,1.510696,1.514328,1.09375,0.9472656
FieldInfoPerformanceTest.SetStaticValue_Legacy,2.763733,1.620026,1.66568,1.733994,0.8867188,0.7617188
FieldInfoPerformanceTest.SetStaticValue_LowAlloc,3.474182,1.678101,1.870224,1.874023,1.066406,0.9824219
FieldInfoPerformanceTest.SetStructInstanceValue_Fast,1.194336,0.2454834,0.2195892,0.2489319,0.328125,0.2890625
FieldInfoPerformanceTest.SetStructInstanceValue_Fast_DownCast,5.124207,1.711151,1.661896,1.678116,1.9375,1.689453
FieldInfoPerformanceTest.SetStructInstanceValue_Fast_DownCastToStruct,6.333313,3.117554,3.048798,3.35022,2.470703,2.074219
FieldInfoPerformanceTest.SetStructInstanceValue_Fast_UpCast,1.485718,0.581604,0.5726013,0.5370941,0.640625,0.5605469
FieldInfoPerformanceTest.SetStructInstanceValue_Fast_UpCastFromStruct,6.413696,2.782806,2.693069,3.015137,2.347656,2.1875
FieldInfoPerformanceTest.SetStructInstanceValue_FieldPointer,0.1599121,0.0171814,0.0201416,0.02023315,0.02734375,0.02148438
FieldInfoPerformanceTest.SetStructInstanceValue_FieldPointer_DownCast,4.49646,1.533844,1.453918,1.455902,1.597656,1.408203
FieldInfoPerformanceTest.SetStructInstanceValue_FieldPointer_DownCastToStruct,5.702637,2.921844,2.818298,3.096695,1.980469,1.701172
FieldInfoPerformanceTest.SetStructInstanceValue_FieldPointer_UpCast,0.5339355,0.3881226,0.3559113,0.3144226,0.3320313,0.2695313
FieldInfoPerformanceTest.SetStructInstanceValue_FieldPointer_UpCastFromStruct,5.476318,2.603424,2.464294,2.7957,2.013672,1.845703
FieldInfoPerformanceTest.SetStructInstanceValue_Legacy,3.36615,2.55072,2.437622,2.623825,1.578125,1.353516
FieldInfoPerformanceTest.SetStructInstanceValue_LowAlloc,5.0177,2.871948,2.849533,3.147873,1.984375,1.830078
MethodBasePerformanceTest.InvokeClassInstance_Delegate,0.08215332,0.02716064,0.03770447,0.04109192,0.0234375,0.01953125
MethodBasePerformanceTest.InvokeClassInstance_Fast,1.837402,0.3884277,0.4042664,0.4094543,0.3554688,0.3457031
MethodBasePerformanceTest.InvokeClassInstance_Fast_ArgDownCast,5.649719,1.196289,1.19696,1.142349,1.929688,1.695313
MethodBasePerformanceTest.InvokeClassInstance_Fast_ArgDownCastToStruct,11.80994,6.417542,7.05307,6.803894,3.820313,3.248047
MethodBasePerformanceTest.InvokeClassInstance_Fast_ArgUpCast,2.215027,0.6780396,0.6609039,0.592804,0.6601563,0.5664063
MethodBasePerformanceTest.InvokeClassInstance_Fast_ArgUpCastFromStruct,13.02759,6.49884,7.166382,6.886841,5.283203,4.621094
MethodBasePerformanceTest.InvokeClassInstance_Fast_ResultDownCast,11.6438,6.042053,6.494049,6.393219,3.574219,3.121094
MethodBasePerformanceTest.InvokeClassInstance_Fast_ResultDownCastToStruct,11.31403,5.813965,6.438248,6.295151,3.529297,3.03125
MethodBasePerformanceTest.InvokeClassInstance_Fast_ResultUpCast,2.203308,0.6850586,0.6625519,0.5913086,0.6601563,0.5703125
MethodBasePerformanceTest.InvokeClassInstance_Fast_ResultUpCastFromStruct,14.08307,7.124329,7.843063,7.563019,6.275391,5.132813
MethodBasePerformanceTest.InvokeClassInstance_Fast_Virtual,2.493042,0.4488525,0.4568329,0.4547424,0.703125,0.625
MethodBasePerformanceTest.InvokeClassInstance_FunctionPointer,0.09558105,0.02770996,0.03369141,0.03372192,0.02148438,0.01757813
MethodBasePerformanceTest.InvokeClassInstance_Legacy,7.57196,5.509521,6.029404,5.732864,2.626953,2.289063
MethodBasePerformanceTest.InvokeClassInstance_LowAlloc,11.93555,6.630798,7.284637,6.920227,5.199219,4.679688
MethodBasePerformanceTest.InvokeClassInstance_MethodPointer,0.140625,0.04412842,0.05244446,0.04902649,0.0390625,0.0390625
MethodBasePerformanceTest.InvokeClassInstance_MethodPointer_ArgDownCast,4.430786,0.9002686,0.9289246,0.8496094,1.591797,1.402344
MethodBasePerformanceTest.InvokeClassInstance_MethodPointer_ArgDownCastToStruct,9.252563,6.209534,6.706375,6.507217,3.503906,2.953125
MethodBasePerformanceTest.InvokeClassInstance_MethodPointer_ArgUpCast,0.4345703,0.3032837,0.3271027,0.2522125,0.3359375,0.28125
MethodBasePerformanceTest.InvokeClassInstance_MethodPointer_ArgUpCastFromStruct,11.56653,6.179321,6.811066,6.607758,4.980469,4.384766
MethodBasePerformanceTest.InvokeClassInstance_MethodPointer_ResultDownCast,8.904236,5.58197,5.476105,6.055237,3.263672,2.814453
MethodBasePerformanceTest.InvokeClassInstance_MethodPointer_ResultDownCastToStruct,8.872437,5.539917,5.463852,6.004288,3.179688,2.748047
MethodBasePerformanceTest.InvokeClassInstance_MethodPointer_ResultUpCast,0.3892822,0.3110962,0.323288,0.2494202,0.3339844,0.2832031
MethodBasePerformanceTest.InvokeClassInstance_MethodPointer_ResultUpCastFromStruct,11.00787,6.811462,7.601395,7.23616,5.472656,4.888672
MethodBasePerformanceTest.InvokeClassInstance_MethodPointer_Virtual,2.076294,0.461792,0.4093781,0.4577637,0.7109375,0.6289063
MethodBasePerformanceTest.InvokeStatic_Delegate,0.09643555,0.02734375,0.0333252,0.04013062,0.03125,0.0234375
MethodBasePerformanceTest.InvokeStatic_Fast,1.262817,0.2875366,0.240387,0.2815857,0.296875,0.3085938
MethodBasePerformanceTest.InvokeStatic_Fast_ArgDownCast,3.914124,0.928772,0.8286133,0.868042,1.324219,1.316406
MethodBasePerformanceTest.InvokeStatic_Fast_ArgDownCastToStruct,8.598572,4.848389,4.639587,4.811035,2.871094,2.769531
MethodBasePerformanceTest.InvokeStatic_Fast_ArgUpCast,1.595642,0.5522461,0.4837341,0.4758911,0.5722656,0.5546875
MethodBasePerformanceTest.InvokeStatic_Fast_ArgUpCastFromStruct,9.625854,4.895447,4.664703,5.074524,4.1875,4.152344
MethodBasePerformanceTest.InvokeStatic_Fast_ResultDownCast,8.470947,4.267883,4.054443,4.553375,3.019531,2.570313
MethodBasePerformanceTest.InvokeStatic_Fast_ResultDownCastToStruct,8.312134,4.253479,4.031372,4.508484,2.949219,2.535156
MethodBasePerformanceTest.InvokeStatic_Fast_ResultUpCast,1.599243,0.5571899,0.4797668,0.4775696,0.5742188,0.5625
MethodBasePerformanceTest.InvokeStatic_Fast_ResultUpCastFromStruct,10.92542,5.523621,5.336639,5.754303,4.675781,4.660156
MethodBasePerformanceTest.InvokeStatic_FunctionPointer,0.09747314,0.02679443,0.02520752,0.03570557,0.0234375,0.01953125
MethodBasePerformanceTest.InvokeStatic_Legacy,5.197144,4.001404,3.869812,4.164734,1.865234,1.8125
MethodBasePerformanceTest.InvokeStatic_LowAlloc,9.173828,4.970764,4.924011,5.292847,4.197266,4.226563
MethodBasePerformanceTest.InvokeStatic_MethodPointer,0.1411743,0.034729,0.04116821,0.05160522,0.04296875,0.03125
MethodBasePerformanceTest.InvokeStatic_MethodPointer_ArgDownCast,2.657104,0.6842651,0.6068115,0.5991821,1.179688,1.039063
MethodBasePerformanceTest.InvokeStatic_MethodPointer_ArgDownCastToStruct,7.413391,4.620911,4.362244,4.711609,2.886719,2.5
MethodBasePerformanceTest.InvokeStatic_MethodPointer_ArgUpCast,0.4133301,0.3141479,0.2853699,0.2436523,0.3398438,0.28125
MethodBasePerformanceTest.InvokeStatic_MethodPointer_ArgUpCastFromStruct,8.294373,4.560059,4.35672,4.688019,4.414063,3.890625
MethodBasePerformanceTest.InvokeStatic_MethodPointer_ResultDownCast,7.022888,3.969543,3.867279,4.301788,2.675781,2.3125
MethodBasePerformanceTest.InvokeStatic_MethodPointer_ResultDownCastToStruct,7.007629,3.942749,3.791321,4.225555,2.585938,2.269531
MethodBasePerformanceTest.InvokeStatic_MethodPointer_ResultUpCast,0.4088745,0.3101196,0.2815857,0.2353821,0.3242188,0.2851563
MethodBasePerformanceTest.InvokeStatic_MethodPointer_ResultUpCastFromStruct,9.436523,5.200745,5.048096,5.383301,5.542969,4.347656
MethodBasePerformanceTest.InvokeStructInstance_Delegate,0.07434082,0.019104,0.02398682,0.02490234,0.01171875,0.0078125
MethodBasePerformanceTest.InvokeStructInstance_Fast,1.641296,0.3782959,0.3543701,0.4058533,0.34375,0.3242188
MethodBasePerformanceTest.InvokeStructInstance_Fast_ArgDownCast,5.634827,1.762512,1.670547,1.720779,1.935547,1.712891
MethodBasePerformanceTest.InvokeStructInstance_Fast_ArgDownCastToStruct,12.25098,7.500977,7.10733,7.869644,4.455078,3.900391
MethodBasePerformanceTest.InvokeStructInstance_Fast_ArgUpCast,1.879517,0.647522,0.550293,0.5554504,0.65625,0.5644531
MethodBasePerformanceTest.InvokeStructInstance_Fast_ArgUpCastFromStruct,13.06537,7.553894,7.271835,8.130173,6.013672,5.226563
MethodBasePerformanceTest.InvokeStructInstance_Fast_ResultDownCast,12.06592,6.790527,6.607697,7.539291,4.259766,3.734375
MethodBasePerformanceTest.InvokeStructInstance_Fast_ResultDownCastToStruct,11.66498,6.756042,6.627945,7.45015,4.173828,3.658203
MethodBasePerformanceTest.InvokeStructInstance_Fast_ResultUpCast,1.932251,0.6228638,0.5495605,0.5711365,0.6601563,0.5605469
MethodBasePerformanceTest.InvokeStructInstance_Fast_ResultUpCastFromStruct,14.26324,8.196106,7.923859,8.635376,6.449219,5.779297
MethodBasePerformanceTest.InvokeStructInstance_Fast_Virtual,10.71301,7.015259,6.687073,7.384476,3.279297,3.158203
MethodBasePerformanceTest.InvokeStructInstance_FunctionPointer,0.05102539,0.01239014,0.01831055,0.01739502,0.009765625,0.0078125
MethodBasePerformanceTest.InvokeStructInstance_Legacy,7.387207,6.300781,5.977371,6.402222,3.041016,2.625
MethodBasePerformanceTest.InvokeStructInstance_LowAlloc,12.13104,7.743347,7.385849,7.996857,5.962891,5.359375
MethodBasePerformanceTest.InvokeStructInstance_MethodPointer,0.1108398,0.0269165,0.02966309,0.03718567,0.02539063,0.02539063
MethodBasePerformanceTest.InvokeStructInstance_MethodPointer_ArgDownCast,4.457764,1.538147,1.446274,1.464203,1.421875,1.460938
MethodBasePerformanceTest.InvokeStructInstance_MethodPointer_ArgDownCastToStruct,10.86133,7.223877,6.908997,7.634155,3.673828,3.636719
MethodBasePerformanceTest.InvokeStructInstance_MethodPointer_ArgUpCast,0.3452759,0.3040771,0.2870483,0.2480774,0.2890625,0.2675781
MethodBasePerformanceTest.InvokeStructInstance_MethodPointer_ArgUpCastFromStruct,11.81909,7.336792,6.910324,7.744629,4.951172,5.015625
MethodBasePerformanceTest.InvokeStructInstance_MethodPointer_ResultDownCast,10.45526,6.513489,6.335251,7.137939,3.490234,3.46875
MethodBasePerformanceTest.InvokeStructInstance_MethodPointer_ResultDownCastToStruct,10.44452,6.520447,6.346237,7.091583,3.417969,3.429688
MethodBasePerformanceTest.InvokeStructInstance_MethodPointer_ResultUpCast,0.3481445,0.3128052,0.2779694,0.2442932,0.2832031,0.2734375
MethodBasePerformanceTest.InvokeStructInstance_MethodPointer_ResultUpCastFromStruct,12.95093,7.597473,7.650055,8.269684,5.410156,5.515625
MethodBasePerformanceTest.InvokeStructInstance_MethodPointer_Virtual,10.80701,7.064453,6.724945,7.334717,3.304688,3.203125
TypePerformanceTest.ContainsGenericParameters_Fast,0.5078125,0.2653809,0.2700806,0.3033447,0.125,0.1210938
TypePerformanceTest.ContainsGenericParameters_Fast_Optimized,0.0960083,0.004943848,0.01046753,0.01339722,0.015625,0.015625
TypePerformanceTest.ContainsGenericParameters_Legacy,0.4563599,0.2653198,0.2728577,0.3048096,0.1132813,0.1054688
TypePerformanceTest.CreateClassInstance_Fast,3.811218,2.382874,2.437714,2.036835,2.382813,1.960938
TypePerformanceTest.CreateClassInstance_Legacy,4.797668,3.688538,3.93573,3.332123,2.679688,2.273438
TypePerformanceTest.CreateClassInstanceWithArg_Fast,3.534668,2.229065,2.371735,1.980042,2.375,2.25
TypePerformanceTest.CreateClassInstanceWithArg_Legacy,45.68329,33.68994,39.31155,37.48178,20.13281,17.13281
TypePerformanceTest.CreateStructInstance_Fast,0.03515625,0.003967285,0.009552002,0.009490967,0,0
TypePerformanceTest.CreateStructInstance_Legacy,0.04187012,0.004943848,0.009552002,0.00982666,6.039063,6.070313
TypePerformanceTest.CreateStructInstanceWithArg_Fast,3.798035,1.973511,1.931671,1.734161,1.34375,1.34375
TypePerformanceTest.CreateStructInstanceWithArg_Legacy,38.88531,30.16174,34.91702,33.65491,17.53906,17.28906
TypePerformanceTest.CreateStructInstanceWrapped_Fast,0.3996582,0.003967285,0.009735107,0.009613037,0.0078125,0.015625
TypePerformanceTest.CreateStructInstanceWrapped_Legacy,0.3852539,0.004760742,0.009735107,0.009857178,6.023438,6.007813
TypePerformanceTest.GetArrayRank_Fast,0.4466553,0.3013916,0.308136,0.3491516,0.1875,0.1835938
TypePerformanceTest.GetArrayRank_Fast_Optimized,0.09881592,0.004821777,0.01333618,0.0133667,0.015625,0.015625
TypePerformanceTest.GetArrayRank_Legacy,0.380127,0.3040771,0.3080444,0.3497009,0.1875,0.1835938
TypePerformanceTest.GetAssembly_Fast,0.5151978,0.4868774,0.489502,0.5856934,0.1679688,0.1484375
TypePerformanceTest.GetAssembly_Fast_Optimized,0.0736084,0.01159668,0.01013184,0.01358032,0.0234375,0.01171875
TypePerformanceTest.GetAssembly_Legacy,0.517334,0.4852295,0.4866028,0.5863037,0.1679688,0.1445313
TypePerformanceTest.GetAssemblyQualifiedName_Fast,16.65656,16.41754,16.16095,18.10837,10.21094,9.003906
TypePerformanceTest.GetAssemblyQualifiedName_Fast_Optimized,0.0960083,0.01159668,0.009613037,0.01339722,0.01953125,0.01171875
TypePerformanceTest.GetAssemblyQualifiedName_Legacy,16.4845,16.58484,16.07294,18.28445,10.27734,9.007813
TypePerformanceTest.GetAttributes_Fast,0.197876,0.09533691,0.1029053,0.1167603,0.08203125,0.0625
TypePerformanceTest.GetAttributes_Fast_Optimized,0.09844971,0.01165771,0.01348877,0.01358032,0.01953125,0.015625
TypePerformanceTest.GetAttributes_Legacy,0.1730347,0.09552002,0.1017456,0.112854,0.06640625,0.0546875
TypePerformanceTest.GetBaseType_Fast,0.7520752,0.4161987,0.4177856,0.4713135,0.2578125,0.2304688
TypePerformanceTest.GetBaseType_Fast_Optimized,0.09558105,0.01171875,0.009765625,0.01370239,0.0234375,0.01171875
TypePerformanceTest.GetBaseType_Legacy,0.6931763,0.4158936,0.4181213,0.4727783,0.2539063,0.234375
TypePerformanceTest.GetConstructor_ConstructorOf,0.6072998,0.5164185,0.5723267,0.5819702,0.1875,0.1796875
TypePerformanceTest.GetConstructor_Fast,1.152893,0.3231812,0.3039246,0.2957153,0.3671875,0.3671875
TypePerformanceTest.GetConstructor_Fast_Optimized,0.03991699,0.00390625,0.009490967,0.009735107,0.0078125,0.0078125
TypePerformanceTest.GetConstructor_Legacy,11.02863,8.641541,9.671722,9.239899,5.195313,4.960938
TypePerformanceTest.GetConstructors_Fast,1.027222,0.3153687,0.269043,0.3052673,0.328125,0.328125
TypePerformanceTest.GetConstructors_Fast_Optimized,0.03436279,0.004882813,0.009674072,0.01330566,0.0078125,0.0078125
TypePerformanceTest.GetConstructors_Legacy,8.901306,5.757019,5.523285,6.040863,4.097656,3.847656
TypePerformanceTest.GetConstructorWithArg_ConstructorOf,0.6296997,0.5154419,0.574585,0.5855408,0.203125,0.1796875
TypePerformanceTest.GetConstructorWithArg_Fast,1.163757,0.3215332,0.2998047,0.2920837,0.3671875,0.3671875
TypePerformanceTest.GetConstructorWithArg_Fast_Optimized,0.04205322,0.003723145,0.01013184,0.009552002,0.0078125,0.0078125
TypePerformanceTest.GetConstructorWithArg_Legacy,22.91101,17.83759,19.35742,18.45102,10.07031,9.703125
TypePerformanceTest.GetCustomAttributes_Fast,1.112488,0.3201294,0.2653503,0.3072205,0.3671875,0.328125
TypePerformanceTest.GetCustomAttributes_Fast_Optimized,0.09576416,0.01159668,0.00970459,0.01333618,0.015625,0.015625
TypePerformanceTest.GetCustomAttributes_Legacy,10.14105,9.399475,8.99704,10.48911,4.070313,3.722656
TypePerformanceTest.GetCustomAttributesData_Fast,1.203064,0.3256226,0.270813,0.2994995,0.3242188,0.328125
TypePerformanceTest.GetCustomAttributesData_Fast_Optimized,0.1049805,0.00579834,0.009887695,0.01351929,0.015625,0.015625
TypePerformanceTest.GetCustomAttributesData_Legacy,9.887878,9.317139,9.092407,10.49164,3.589844,3.636719
TypePerformanceTest.GetDeclaringType_Fast,0.1915283,0.08312988,0.08596802,0.09811401,0.0625,0.0546875
TypePerformanceTest.GetDeclaringType_Fast_Optimized,0.09802246,0.004516602,0.009613037,0.0133667,0.015625,0.015625
TypePerformanceTest.GetDeclaringType_Legacy,0.1340332,0.08459473,0.08966064,0.09732056,0.0546875,0.05078125
TypePerformanceTest.GetDefaultMembers_Fast,1.187134,0.3078003,0.2961121,0.3085632,0.328125,0.3710938
TypePerformanceTest.GetDefaultMembers_Fast_Optimized,0.0802002,0.004272461,0.01373291,0.01367188,0.01171875,0.01953125
TypePerformanceTest.GetDefaultMembers_Legacy,71.15973,44.65314,46.37469,50.05466,43.66406,43.39453
TypePerformanceTest.GetElementType_Fast,0.2207031,0.1034546,0.1089783,0.120636,0.0546875,0.05859375
TypePerformanceTest.GetElementType_Fast_Optimized,0.09222412,0.01153564,0.00982666,0.0138855,0.015625,0.015625
TypePerformanceTest.GetElementType_Legacy,0.2098389,0.09552002,0.1054993,0.1164856,0.046875,0.046875
TypePerformanceTest.GetEnumNames_Fast,1.148743,0.3175659,0.265625,0.3050232,0.3242188,0.328125
TypePerformanceTest.GetEnumNames_Fast_Optimized,0.0758667,0.01153564,0.01004028,0.01348877,0.015625,0.015625
TypePerformanceTest.GetEnumNames_Legacy,1.667542,0.9631348,0.9060059,0.9467468,0.5625,0.5507813
TypePerformanceTest.GetEnumUnderlyingType_Fast,1.02124,0.6543579,0.7434082,0.7383728,0.3828125,0.453125
TypePerformanceTest.GetEnumUnderlyingType_Fast_Optimized,0.06744385,0.008544922,0.01373291,0.01416016,0.015625,0.015625
TypePerformanceTest.GetEnumUnderlyingType_Legacy,0.9984131,0.6523438,0.7420044,0.7382202,0.3828125,0.453125
TypePerformanceTest.GetEvent_Fast,1.187866,0.3866577,0.3729248,0.3605347,0.3671875,0.328125
TypePerformanceTest.GetEvent_Fast_Optimized,0.05084229,0.003723145,0.00958252,0.009735107,0.0078125,0.0078125
TypePerformanceTest.GetEvent_Legacy,25.4082,20.79578,22.92136,22.7738,18.42188,15.85156
TypePerformanceTest.GetEvents_Fast,1.04718,0.3098145,0.2581482,0.3061218,0.3203125,0.328125
TypePerformanceTest.GetEvents_Fast_Optimized,0.04223633,0.01165771,0.009521484,0.0135498,0.0078125,0.0078125
TypePerformanceTest.GetEvents_Legacy,44.19324,37.34741,39.58484,43.28168,26.10156,25.03906
TypePerformanceTest.GetField_Fast,1.230896,0.3736572,0.3638,0.3774109,0.3671875,0.375
TypePerformanceTest.GetField_Fast_Optimized,0.04370117,0.00402832,0.009490967,0.009613037,0.0078125,0.0078125
TypePerformanceTest.GetField_FieldOf,0.5621948,0.5003052,0.5515747,0.5567932,0.171875,0.1640625
TypePerformanceTest.GetField_Legacy,5.512817,3.708191,3.80069,3.789642,6.671875,6.617188
TypePerformanceTest.GetFields_Fast,1.045715,0.3092651,0.2612915,0.3072205,0.3242188,0.328125
TypePerformanceTest.GetFields_Fast_Optimized,0.04229736,0.004455566,0.009887695,0.01348877,0.01171875,0.0078125
TypePerformanceTest.GetFields_Legacy,15.18994,9.161743,8.778564,9.9729,8.660156,8.605469
TypePerformanceTest.GetFullName_Fast,0.6483154,0.2861328,0.2880249,0.3279114,0.1484375,0.140625
TypePerformanceTest.GetFullName_Fast_Optimized,0.08306885,0.01153564,0.01031494,0.01364136,0.0234375,0.01171875
TypePerformanceTest.GetFullName_Legacy,0.6211548,0.2860107,0.2888489,0.3269348,0.1367188,0.1328125
TypePerformanceTest.GetGenericArguments_Fast,1.180359,0.3015137,0.3032532,0.3035889,0.328125,0.328125
TypePerformanceTest.GetGenericArguments_Fast_Optimized,0.09545898,0.01135254,0.009643555,0.01364136,0.015625,0.01171875
TypePerformanceTest.GetGenericArguments_Legacy,0.2788086,0.2183228,0.219696,0.2505493,0.4023438,0.3867188
TypePerformanceTest.GetGenericTypeArguments_Fast,1.150635,0.305603,0.2612915,0.2961121,0.3710938,0.328125
TypePerformanceTest.GetGenericTypeArguments_Fast_Optimized,0.09661865,0.01135254,0.01016235,0.01345825,0.01953125,0.015625
TypePerformanceTest.GetGenericTypeArguments_Legacy,1.240967,1.189636,1.120544,1.195587,0.6992188,0.6015625
TypePerformanceTest.GetGenericTypeDefinition_Fast,0.9504395,0.7667236,0.7496643,0.8711853,0.1953125,0.2070313
TypePerformanceTest.GetGenericTypeDefinition_Fast_Optimized,0.07250977,0.005126953,0.01342773,0.01358032,0.01953125,0.01171875
TypePerformanceTest.GetGenericTypeDefinition_Legacy,0.9017944,0.7670288,0.7487488,0.8718567,0.1875,0.203125
TypePerformanceTest.GetGUID_Fast,27.68701,27.56506,8.665741,10.18518,0.375,0.3203125
TypePerformanceTest.GetGUID_Fast_Optimized,0.09204102,0.01141357,0.01367188,0.01351929,0.01953125,0.01953125
TypePerformanceTest.GetGUID_Legacy,27.92908,27.5744,8.677856,10.2963,0.375,0.3242188
TypePerformanceTest.GetHashCode_Fast,0.3045654,0.02758789,0.0302124,0.02960205,0.0546875,0.05859375
TypePerformanceTest.GetHashCode_Fast_Optimized,0.1032715,0.004516602,0.01000977,0.0138855,0.01953125,0.01953125
TypePerformanceTest.GetHashCode_Legacy,0.2872314,0.02703857,0.02902222,0.02862549,0.05078125,0.05078125
TypePerformanceTest.GetInterfaces_Fast,1.106079,0.3070068,0.2958069,0.3082275,0.328125,0.3710938
TypePerformanceTest.GetInterfaces_Fast_Optimized,0.08081055,0.005065918,0.01351929,0.01367188,0.01953125,0.015625
TypePerformanceTest.GetInterfaces_Legacy,1.755737,1.714417,1.918915,1.807678,1.144531,1.277344
TypePerformanceTest.GetMember_Fast,1.412964,0.375061,0.3276062,0.3649597,0.328125,0.3671875
TypePerformanceTest.GetMember_Fast_Optimized,0.05755615,0.01171875,0.01037598,0.01379395,0.0078125,0.0078125
TypePerformanceTest.GetMember_Legacy,43.04163,21.67047,20.27274,21.65881,38.34375,37.11719
TypePerformanceTest.GetMembers_Fast,1.06311,0.3017578,0.2581177,0.299408,0.328125,0.328125
TypePerformanceTest.GetMembers_Fast_Optimized,0.03717041,0.005126953,0.01010132,0.01342773,0.01171875,0.0078125
TypePerformanceTest.GetMembers_Legacy,143.5377,99.57275,101.3628,112.117,1051.848,1089.559
TypePerformanceTest.GetMemberType_Fast,0.288208,0.1107788,0.1130981,0.1284485,0.078125,0.0703125
TypePerformanceTest.GetMemberType_Fast_Optimized,0.08026123,0.004638672,0.01342773,0.0213623,0.015625,0.01953125
TypePerformanceTest.GetMemberType_Legacy,0.2272339,0.1133423,0.1131592,0.124939,0.0703125,0.06640625
TypePerformanceTest.GetMetadataToken_Fast,0.3615112,0.2633057,0.2424622,0.3109436,0.06640625,0.0546875
TypePerformanceTest.GetMetadataToken_Fast_Optimized,0.07244873,0.01153564,0.0133667,0.01345825,0.01953125,0.015625
TypePerformanceTest.GetMetadataToken_Legacy,0.378479,0.2520752,0.230896,0.2939148,0.05859375,0.046875
TypePerformanceTest.GetMethod_Fast,1.21283,0.355896,0.3599243,0.3635864,0.3671875,0.3671875
TypePerformanceTest.GetMethod_Fast_Optimized,0.04522705,0.005126953,0.0133667,0.01724243,0.0078125,0.0078125
TypePerformanceTest.GetMethod_Legacy,7.408386,5.128479,5.801422,5.674866,19.39063,19.04688
TypePerformanceTest.GetMethod_MethodOf,0.6346436,0.5161133,0.5743713,0.5830994,0.21875,0.1796875
TypePerformanceTest.GetMethods_Fast,1.131226,0.3297119,0.2654419,0.3051147,0.3203125,0.328125
TypePerformanceTest.GetMethods_Fast_Optimized,0.03424072,0.00567627,0.009857178,0.01721191,0.0078125,0.0078125
TypePerformanceTest.GetMethods_Legacy,48.00134,29.69763,28.30237,32.25174,982.3164,1027.473
TypePerformanceTest.GetMethodWithArg_Fast,1.234741,0.3476563,0.3425293,0.3399048,0.375,0.328125
TypePerformanceTest.GetMethodWithArg_Fast_Optimized,0.03656006,0.003967285,0.009552002,0.009490967,0.0078125,0.0078125
TypePerformanceTest.GetMethodWithArg_Legacy,31.08954,23.47833,27.72583,26.44724,34.70313,29.67188
TypePerformanceTest.GetMethodWithArg_MethodOf,0.7434082,0.5110474,0.5742188,0.6485596,0.2109375,0.15625
TypePerformanceTest.GetModule_Fast,0.519043,0.4853516,0.4879761,0.585968,0.1757813,0.1523438
TypePerformanceTest.GetModule_Fast_Optimized,0.09301758,0.00769043,0.01040649,0.01333618,0.01953125,0.015625
TypePerformanceTest.GetModule_Legacy,0.5164185,0.4859009,0.4913635,0.5860901,0.1679688,0.1523438
TypePerformanceTest.GetName_Fast,1.280762,1.216858,1.304657,1.283508,1.269531,1.140625
TypePerformanceTest.GetName_Fast_Optimized,0.08764648,0.007202148,0.01342773,0.01339722,0.015625,0.01171875
TypePerformanceTest.GetName_Legacy,1.248108,1.217773,1.260803,1.191589,1.328125,1.128906
TypePerformanceTest.GetNamespace_Fast,2.051819,2.0672,1.926392,2.057007,1.773438,1.597656
TypePerformanceTest.GetNamespace_Fast_Optimized,0.0892334,0.01153564,0.01370239,0.01345825,0.015625,0.01953125
TypePerformanceTest.GetNamespace_Legacy,2.052734,2.036316,1.924469,2.062134,1.800781,1.523438
TypePerformanceTest.GetNestedType_Fast,1.203064,0.3549194,0.364502,0.3683777,0.3671875,0.3671875
TypePerformanceTest.GetNestedType_Fast_Optimized,0.02880859,0.004943848,0.0133667,0.01397705,0.0078125,0.0078125
TypePerformanceTest.GetNestedType_Legacy,10.7345,6.246155,5.912537,6.322632,7.40625,7.875
TypePerformanceTest.GetNestedType_TypeOf,0.04278564,0.004272461,0.009979248,0.009857178,0.1875,0.2109375
TypePerformanceTest.GetNestedTypes_Fast,1.0047,0.3056641,0.2579651,0.2987366,0.328125,0.328125
TypePerformanceTest.GetNestedTypes_Fast_Optimized,0.03735352,0.01153564,0.01351929,0.01339722,0.01171875,0.0078125
TypePerformanceTest.GetNestedTypes_Legacy,6.363159,3.785522,3.475342,3.836456,3.628906,3.640625
TypePerformanceTest.GetProperties_Fast,1.136108,0.3076782,0.2651367,0.3069763,0.3476563,0.328125
TypePerformanceTest.GetProperties_Fast_Optimized,0.03833008,0.005310059,0.01364136,0.01364136,0.0078125,0.01171875
TypePerformanceTest.GetProperties_Legacy,9.786316,6.304504,5.946899,6.491821,4.078125,4.058594
TypePerformanceTest.GetProperty_Fast,1.333557,0.378479,0.3931274,0.3904419,0.375,0.375
TypePerformanceTest.GetProperty_Fast_Optimized,0.03564453,0.005432129,0.009521484,0.009521484,0.0078125,0.015625
TypePerformanceTest.GetProperty_Legacy,6.989807,4.442932,4.908936,4.87027,7.484375,7.132813
TypePerformanceTest.GetReflectedType_Fast,0.1872559,0.08807373,0.09411621,0.1048889,0.06640625,0.05859375
TypePerformanceTest.GetReflectedType_Fast_Optimized,0.08898926,0.003967285,0.01345825,0.01333618,0.015625,0.015625
TypePerformanceTest.GetReflectedType_Legacy,0.1577148,0.08807373,0.09347534,0.1049194,0.0625,0.0546875
TypePerformanceTest.GetStructLayoutAttribute_Fast,1.781494,0.9542847,0.9328308,0.9421997,0.53125,0.4648438
TypePerformanceTest.GetStructLayoutAttribute_Fast_Optimized,0.09362793,0.004638672,0.009918213,0.01333618,0.01953125,0.01171875
TypePerformanceTest.GetStructLayoutAttribute_Legacy,1.778259,0.9678345,0.9404602,0.9508362,0.5703125,0.4414063
TypePerformanceTest.GetTypeHandle_Fast,0.1384277,0.01239014,0.0177002,0.0199585,0.02734375,0.01953125
TypePerformanceTest.GetTypeHandle_Fast_Optimized,0.08825684,0.01159668,0.009643555,0.01373291,0.01953125,0.015625
TypePerformanceTest.GetTypeHandle_Legacy,0.1110229,0.01177979,0.0171814,0.0194397,0.0234375,0.015625
TypePerformanceTest.GetTypeInitializer_Fast,6.521362,4.607788,4.46521,4.59314,3.34375,2.894531
TypePerformanceTest.GetTypeInitializer_Fast_Optimized,0.08001709,0.01226807,0.01373291,0.01345825,0.03125,0.01171875
TypePerformanceTest.GetTypeInitializer_Legacy,6.171692,4.566711,4.477448,4.585846,3.378906,2.882813
TypePerformanceTest.GetUnderlyingSystemType_Fast,0.111145,0.01147461,0.0144043,0.01956177,0.01953125,0.01171875
TypePerformanceTest.GetUnderlyingSystemType_Fast_Optimized,0.08905029,0.01141357,0.00982666,0.01330566,0.01953125,0.01171875
TypePerformanceTest.GetUnderlyingSystemType_Legacy,0.0668335,0.01171875,0.01397705,0.01742554,0.01171875,0.01171875
TypePerformanceTest.HasElementType_Fast,0.2634888,0.09527588,0.1014099,0.1125183,0.03125,0.03515625
TypePerformanceTest.HasElementType_Fast_Optimized,0.09191895,0.01171875,0.009521484,0.01339722,0.01953125,0.015625
TypePerformanceTest.HasElementType_Legacy,0.1914063,0.09570313,0.1002502,0.1127319,0.03125,0.02734375
TypePerformanceTest.IsAbstract_Fast,0.2420044,0.1035156,0.1011047,0.1165466,0.07421875,0.0625
TypePerformanceTest.IsAbstract_Fast_Optimized,0.09881592,0.01171875,0.01364136,0.0140686,0.015625,0.01171875
TypePerformanceTest.IsAbstract_Legacy,0.2111816,0.09698486,0.097229,0.1124878,0.06640625,0.0546875
TypePerformanceTest.IsAnsiClass_Fast,0.187561,0.1043091,0.1000061,0.1125183,0.0703125,0.06640625
TypePerformanceTest.IsAnsiClass_Fast_Optimized,0.07409668,0.00402832,0.009613037,0.01330566,0.01953125,0.01171875
TypePerformanceTest.IsAnsiClass_Legacy,0.1766968,0.1050415,0.09765625,0.1129761,0.0625,0.05859375
TypePerformanceTest.IsArray_Fast,0.2435913,0.09527588,0.09753418,0.1130066,0.03515625,0.03125
TypePerformanceTest.IsArray_Fast_Optimized,0.08850098,0.01165771,0.009552002,0.01351929,0.01953125,0.015625
TypePerformanceTest.IsArray_Legacy,0.1887817,0.09545898,0.09805298,0.1127319,0.03125,0.01953125
TypePerformanceTest.IsAssignableFrom_Fast,0.06500244,0.005126953,0.01403809,0.01330566,0.0234375,0.0234375
TypePerformanceTest.IsAssignableFrom_Legacy,0.3720703,0.2009888,0.2349854,0.2313538,0.359375,0.4101563
TypePerformanceTest.IsAutoClass_Fast,0.2097778,0.1030273,0.09725952,0.1121216,0.078125,0.06640625
TypePerformanceTest.IsAutoClass_Fast_Optimized,0.07440186,0.01159668,0.0133667,0.01428223,0.01171875,0.015625
TypePerformanceTest.IsAutoClass_Legacy,0.1860962,0.09997559,0.1013184,0.1164551,0.0625,0.0546875
TypePerformanceTest.IsAutoLayout_Fast,0.2296143,0.09863281,0.1017456,0.1183167,0.078125,0.06640625
TypePerformanceTest.IsAutoLayout_Fast_Optimized,0.07446289,0.004150391,0.01034546,0.01333618,0.01171875,0.015625
TypePerformanceTest.IsAutoLayout_Legacy,0.2033081,0.09716797,0.1011963,0.1176147,0.0625,0.0546875
TypePerformanceTest.IsByRef_Fast,0.2489014,0.09533691,0.1054688,0.1091309,0.0390625,0.0234375
TypePerformanceTest.IsByRef_Fast_Optimized,0.08050537,0.01159668,0.01000977,0.01339722,0.015625,0.015625
TypePerformanceTest.IsByRef_Legacy,0.2038574,0.09533691,0.09820557,0.109375,0.0234375,0.01953125
TypePerformanceTest.IsByRefLike_Fast,0.1729126,0.08337402,0.0897522,0.1010742,0.0625,0.046875
TypePerformanceTest.IsByRefLike_Fast_Optimized,0.08013916,0.01153564,0.009552002,0.01333618,0.015625,0.01171875
TypePerformanceTest.IsByRefLike_Legacy,0.152832,0.0880127,0.09017944,0.09820557,0.046875,0.04296875
TypePerformanceTest.IsClass_Fast,0.6699829,0.2919922,0.2926941,0.3209839,0.7617188,0.65625
TypePerformanceTest.IsClass_Fast_Optimized,0.09588623,0.01153564,0.01333618,0.01385498,0.01171875,0.01171875
TypePerformanceTest.IsClass_Legacy,0.6566772,0.2938843,0.2806702,0.3183899,0.7460938,0.6523438
TypePerformanceTest.IsCOMObject_Fast,0.274231,0.1110229,0.1134033,0.1318665,0.04296875,0.0234375
TypePerformanceTest.IsCOMObject_Fast_Optimized,0.07421875,0.005126953,0.01339722,0.01419067,0.015625,0.01171875
TypePerformanceTest.IsCOMObject_Legacy,0.2495728,0.1105957,0.1087036,0.1369019,0.01953125,0.01953125
TypePerformanceTest.IsConstructedGenericType_Fast,0.2406616,0.1002808,0.09487915,0.1066589,0.078125,0.06640625
TypePerformanceTest.IsConstructedGenericType_Fast_Optimized,0.09100342,0.01153564,0.01022339,0.01385498,0.01171875,0.015625
TypePerformanceTest.IsConstructedGenericType_Legacy,0.2142944,0.09558105,0.09469604,0.1088257,0.07421875,0.0625
TypePerformanceTest.IsContextful_Fast,0.5378418,0.2487793,0.2507629,0.2816772,0.3554688,0.3046875
TypePerformanceTest.IsContextful_Fast_Optimized,0.08776855,0.004638672,0.009918213,0.01348877,0.01171875,0.015625
TypePerformanceTest.IsContextful_Legacy,0.4186401,0.2424316,0.2502747,0.2882385,0.3398438,0.3007813
TypePerformanceTest.IsEnum_Fast,0.7858887,0.4158936,0.4177246,0.4732056,0.2890625,0.2539063
TypePerformanceTest.IsEnum_Fast_Optimized,0.08813477,0.007751465,0.00982666,0.01345825,0.01953125,0.01171875
TypePerformanceTest.IsEnum_Legacy,0.6495361,0.4158936,0.4177551,0.4750366,0.2773438,0.2460938
TypePerformanceTest.IsExplicitLayout_Fast,0.2494507,0.09838867,0.1010742,0.1168213,0.0859375,0.0625
TypePerformanceTest.IsExplicitLayout_Fast_Optimized,0.1040039,0.004272461,0.009674072,0.01358032,0.015625,0.01171875
TypePerformanceTest.IsExplicitLayout_Legacy,0.170166,0.09747314,0.1014099,0.1088867,0.06640625,0.05859375
TypePerformanceTest.IsGenericMethodParameter_Fast,1.003601,0.2602539,0.2120667,0.250885,0.3242188,0.2851563
TypePerformanceTest.IsGenericMethodParameter_Fast_Optimized,0.09588623,0.01147461,0.009857178,0.01333618,0.015625,0.01171875
TypePerformanceTest.IsGenericMethodParameter_Legacy,0.1630249,0.08837891,0.09173584,0.1051025,0.02734375,0.0234375
TypePerformanceTest.IsGenericParameter_Fast,0.1571655,0.08508301,0.08969116,0.09881592,0.03125,0.0234375
TypePerformanceTest.IsGenericParameter_Fast_Optimized,0.08557129,0.01135254,0.0100708,0.01342773,0.015625,0.015625
TypePerformanceTest.IsGenericParameter_Legacy,0.1364136,0.08026123,0.08969116,0.09735107,0.01953125,0.01953125
TypePerformanceTest.IsGenericType_Fast,0.1716309,0.08319092,0.09390259,0.1014404,0.078125,0.05859375
TypePerformanceTest.IsGenericType_Fast_Optimized,0.08807373,0.004760742,0.00958252,0.009857178,0.015625,0.01171875
TypePerformanceTest.IsGenericType_Legacy,0.1668701,0.0880127,0.09036255,0.1011658,0.05859375,0.05859375
TypePerformanceTest.IsGenericTypeDefinition_Fast,0.1798706,0.09008789,0.09259033,0.105072,0.05859375,0.05078125
TypePerformanceTest.IsGenericTypeDefinition_Fast_Optimized,0.08233643,0.004272461,0.00958252,0.01379395,0.015625,0.01171875
TypePerformanceTest.IsGenericTypeDefinition_Legacy,0.151123,0.09002686,0.09356689,0.1060181,0.0546875,0.05078125
TypePerformanceTest.IsGenericTypeParameter_Fast,1.041199,0.2463379,0.2120667,0.257019,0.3242188,0.2851563
TypePerformanceTest.IsGenericTypeParameter_Fast_Optimized,0.07562256,0.004699707,0.009765625,0.01342773,0.01953125,0.01171875
TypePerformanceTest.IsGenericTypeParameter_Legacy,0.1506958,0.08764648,0.0909729,0.1049805,0.03125,0.0234375
TypePerformanceTest.IsImport_Fast,0.1879883,0.1043701,0.09689331,0.1086731,0.08203125,0.0625
TypePerformanceTest.IsImport_Fast_Optimized,0.08074951,0.005615234,0.009857178,0.01330566,0.015625,0.01953125
TypePerformanceTest.IsImport_Legacy,0.1646729,0.1034546,0.09732056,0.1087952,0.0625,0.05859375
TypePerformanceTest.IsInterface_Fast,0.3547974,0.1193237,0.1203918,0.1430969,0.1054688,0.0859375
TypePerformanceTest.IsInterface_Fast_Optimized,0.08776855,0.006103516,0.009857178,0.01443481,0.015625,0.01171875
TypePerformanceTest.IsInterface_Legacy,0.3168335,0.1184082,0.1214294,0.15448,0.09375,0.0859375
TypePerformanceTest.IsLayoutSequential_Fast,0.2370605,0.09936523,0.09616089,0.1115112,0.078125,0.06640625
TypePerformanceTest.IsLayoutSequential_Fast_Optimized,0.08795166,0.01159668,0.01364136,0.01342773,0.015625,0.015625
TypePerformanceTest.IsLayoutSequential_Legacy,0.1876831,0.09588623,0.1011353,0.1169434,0.0625,0.05859375
TypePerformanceTest.IsMarshalByRef_Fast,0.454895,0.232605,0.2465515,0.2607117,0.3554688,0.3242188
TypePerformanceTest.IsMarshalByRef_Fast_Optimized,0.09350586,0.00402832,0.0135498,0.01443481,0.01953125,0.015625
TypePerformanceTest.IsMarshalByRef_Legacy,0.3996582,0.2411499,0.242218,0.2563782,0.3515625,0.3085938
TypePerformanceTest.IsNested_Fast,0.196167,0.08776855,0.09368896,0.1203613,0.08203125,0.0703125
TypePerformanceTest.IsNested_Fast_Optimized,0.09014893,0.01202393,0.00958252,0.01333618,0.01953125,0.01171875
TypePerformanceTest.IsNested_Legacy,0.2133789,0.0892334,0.09353638,0.1072693,0.06640625,0.0546875
TypePerformanceTest.IsNestedAssembly_Fast,0.1872559,0.09637451,0.1034241,0.1138916,0.078125,0.0625
TypePerformanceTest.IsNestedAssembly_Fast_Optimized,0.07299805,0.01165771,0.0133667,0.01364136,0.01953125,0.01171875
TypePerformanceTest.IsNestedAssembly_Legacy,0.1668091,0.09729004,0.1012573,0.1169128,0.0625,0.0546875
TypePerformanceTest.IsNestedFamANDAssem_Fast,0.196167,0.09545898,0.1017456,0.1126099,0.07421875,0.0625
TypePerformanceTest.IsNestedFamANDAssem_Fast_Optimized,0.08081055,0.00390625,0.00994873,0.01342773,0.01171875,0.01171875
TypePerformanceTest.IsNestedFamANDAssem_Legacy,0.1639404,0.09649658,0.1024475,0.1127014,0.0625,0.0546875
TypePerformanceTest.IsNestedFamily_Fast,0.2028809,0.09588623,0.1010742,0.1134338,0.07421875,0.0625
TypePerformanceTest.IsNestedFamily_Fast_Optimized,0.08831787,0.01190186,0.01342773,0.01394653,0.015625,0.015625
TypePerformanceTest.IsNestedFamily_Legacy,0.1746826,0.1029053,0.1011658,0.1135559,0.0625,0.0546875
TypePerformanceTest.IsNestedFamORAssem_Fast,0.2043457,0.09552002,0.09771729,0.1128235,0.078125,0.0625
TypePerformanceTest.IsNestedFamORAssem_Fast_Optimized,0.08074951,0.004211426,0.00958252,0.01345825,0.015625,0.0234375
TypePerformanceTest.IsNestedFamORAssem_Legacy,0.1567383,0.104248,0.1002808,0.1163025,0.06640625,0.0546875
TypePerformanceTest.IsNestedPrivate_Fast,0.1821289,0.100708,0.09762573,0.1145935,0.07421875,0.0625
TypePerformanceTest.IsNestedPrivate_Fast_Optimized,0.07788086,0.01177979,0.01342773,0.01358032,0.015625,0.01171875
TypePerformanceTest.IsNestedPrivate_Legacy,0.1781616,0.0980835,0.09860229,0.1166992,0.0625,0.0546875
TypePerformanceTest.IsNestedPublic_Fast,0.2044067,0.09527588,0.09396362,0.117157,0.07421875,0.05859375
TypePerformanceTest.IsNestedPublic_Fast_Optimized,0.08789063,0.01153564,0.0133667,0.01364136,0.015625,0.01171875
TypePerformanceTest.IsNestedPublic_Legacy,0.1968994,0.09533691,0.1012573,0.1092529,0.06640625,0.05859375
TypePerformanceTest.IsNotPublic_Fast,0.213562,0.1040039,0.09783936,0.112854,0.07421875,0.0625
TypePerformanceTest.IsNotPublic_Fast_Optimized,0.08007813,0.01159668,0.01348877,0.01333618,0.015625,0.01171875
TypePerformanceTest.IsNotPublic_Legacy,0.180481,0.1036987,0.1011047,0.1166382,0.06640625,0.0546875
TypePerformanceTest.IsPointer_Fast,0.2097168,0.09545898,0.09890747,0.1105957,0.02734375,0.0234375
TypePerformanceTest.IsPointer_Fast_Optimized,0.08227539,0.01159668,0.01034546,0.01333618,0.01953125,0.01953125
TypePerformanceTest.IsPointer_Legacy,0.2105713,0.09545898,0.09753418,0.1092529,0.0234375,0.01953125
TypePerformanceTest.IsPrimitive_Fast,0.2805786,0.09558105,0.102417,0.1125793,0.03125,0.0234375
TypePerformanceTest.IsPrimitive_Fast_Optimized,0.09545898,0.003967285,0.0133667,0.01428223,0.015625,0.015625
TypePerformanceTest.IsPrimitive_Legacy,0.2092896,0.09533691,0.1011963,0.1128235,0.02734375,0.015625
TypePerformanceTest.IsPublic_Fast,0.1890259,0.1031494,0.1011353,0.1115112,0.0703125,0.0625
TypePerformanceTest.IsPublic_Fast_Optimized,0.09527588,0.01171875,0.01339722,0.01342773,0.01953125,0.015625
TypePerformanceTest.IsPublic_Legacy,0.1651001,0.0960083,0.1016235,0.1127014,0.0625,0.05859375
TypePerformanceTest.IsSealed_Fast,0.2109375,0.1046753,0.09741211,0.116333,0.07421875,0.0625
TypePerformanceTest.IsSealed_Fast_Optimized,0.09552002,0.005004883,0.009735107,0.01361084,0.015625,0.01171875
TypePerformanceTest.IsSealed_Legacy,0.1658936,0.1027222,0.101532,0.117218,0.06640625,0.0546875
TypePerformanceTest.IsSerializable_Fast,2.326782,1.233154,1.25116,1.399628,1.738281,1.570313
TypePerformanceTest.IsSerializable_Fast_Optimized,0.07421875,0.004272461,0.01025391,0.01333618,0.015625,0.01171875
TypePerformanceTest.IsSerializable_Legacy,2.270813,1.240906,1.249695,1.398071,1.707031,1.5625
TypePerformanceTest.IsSignatureType_Fast,0.1074219,0.01153564,0.01419067,0.01867676,0.0234375,0.015625
TypePerformanceTest.IsSignatureType_Fast_Optimized,0.08270264,0.004699707,0.01358032,0.0133667,0.015625,0.01171875
TypePerformanceTest.IsSignatureType_Legacy,0.07287598,0.01184082,0.01727295,0.01757813,0.0078125,0.0078125
TypePerformanceTest.IsSpecialName_Fast,0.1968994,0.1029663,0.1012573,0.1173706,0.078125,0.0625
TypePerformanceTest.IsSpecialName_Fast_Optimized,0.07513428,0.01147461,0.01339722,0.0135498,0.01171875,0.015625
TypePerformanceTest.IsSpecialName_Legacy,0.1647949,0.09985352,0.1050415,0.1173706,0.06640625,0.05859375
TypePerformanceTest.IsSZArray_Fast,0.276062,0.104248,0.1018982,0.1169128,0.046875,0.03515625
TypePerformanceTest.IsSZArray_Fast_Optimized,0.08270264,0.01159668,0.0133667,0.0133667,0.01953125,0.01171875
TypePerformanceTest.IsSZArray_Legacy,0.2148438,0.1025391,0.1051636,0.1178894,0.03125,0.03125
TypePerformanceTest.IsTypeDefinition_Fast,0.5827637,0.2806396,0.2842407,0.3202209,0.1289063,0.140625
TypePerformanceTest.IsTypeDefinition_Fast_Optimized,0.08123779,0.01135254,0.009674072,0.01367188,0.01171875,0.01953125
TypePerformanceTest.IsTypeDefinition_Legacy,0.6206665,0.2797241,0.285614,0.3219604,0.1367188,0.109375
TypePerformanceTest.IsUnicodeClass_Fast,0.2281494,0.09539795,0.09863281,0.116394,0.0703125,0.0625
TypePerformanceTest.IsUnicodeClass_Fast_Optimized,0.07556152,0.004089355,0.00958252,0.01348877,0.01953125,0.01171875
TypePerformanceTest.IsUnicodeClass_Legacy,0.2021484,0.09533691,0.1016541,0.1164246,0.06640625,0.0625
TypePerformanceTest.IsValueType_Fast,0.4544067,0.1868896,0.1859131,0.2036133,0.6757813,0.6171875
TypePerformanceTest.IsValueType_Fast_Optimized,0.0748291,0.004455566,0.00958252,0.009796143,0.01171875,0.015625
TypePerformanceTest.IsValueType_Legacy,0.4642944,0.1869507,0.1701965,0.1896973,0.6640625,0.6171875
TypePerformanceTest.IsVariableBoundArray_Fast,0.242981,0.09863281,0.1029358,0.1166992,0.0390625,0.03125
TypePerformanceTest.IsVariableBoundArray_Fast_Optimized,0.07971191,0.01159668,0.01043701,0.01342773,0.015625,0.01171875
TypePerformanceTest.IsVariableBoundArray_Legacy,0.213501,0.1029053,0.1022644,0.116333,0.03515625,0.03125
TypePerformanceTest.IsVisible_Fast,0.961731,0.4467163,0.452179,0.5187988,0.25,0.2421875
TypePerformanceTest.IsVisible_Fast_Optimized,0.08880615,0.01147461,0.009887695,0.01358032,0.01171875,0.01171875
TypePerformanceTest.IsVisible_Legacy,0.9502563,0.4466553,0.4533081,0.5103455,0.2382813,0.2304688
TypePerformanceTest.MakeArrayType_Fast,0.8049316,0.7678833,0.8491821,0.8884583,0.3984375,0.4921875
TypePerformanceTest.MakeArrayType_Fast_Optimized,0.09625244,0.004699707,0.01434326,0.01345825,0.01171875,0.015625
TypePerformanceTest.MakeArrayType_Legacy,0.7976685,0.7680054,0.8492432,0.9098511,0.4023438,0.4882813
TypePerformanceTest.MakeByRefType_Fast,0.7826538,0.6080933,0.6889954,0.7240601,0.1875,0.2148438
TypePerformanceTest.MakeByRefType_Fast_Optimized,0.07971191,0.007263184,0.01419067,0.01339722,0.015625,0.01171875
TypePerformanceTest.MakeByRefType_Legacy,0.7246704,0.6102295,0.6885681,0.7158203,0.1835938,0.2109375
TypePerformanceTest.MakePointerType_Fast,1.043701,0.9465332,0.9878845,1.034576,0.328125,0.3984375
TypePerformanceTest.MakePointerType_Fast_Optimized,0.08154297,0.006652832,0.01339722,0.01330566,0.01953125,0.01171875
TypePerformanceTest.MakePointerType_Legacy,1.008301,0.9281616,0.9889526,1.036652,0.3203125,0.3984375
TypePerformanceTest.ToString_Fast,4.059753,3.955994,3.843994,4.313812,3.207031,3.148438
TypePerformanceTest.ToString_Fast_Optimized,0.1036987,0.01153564,0.01345825,0.01379395,0.015625,0.015625
TypePerformanceTest.ToString_Legacy,4.059814,3.962402,3.854858,4.33371,3.574219,3.109375
